Name,Age,Company
John Doe,32,Google
Jane Smith,28,Apple
David Lee,45,Meta
Emily Wilson,25,Google
Michael Brown,38,Apple
Sarah Jones,31,Meta
William Davis,29,Google
Jessica Garcia,27,Apple
Daniel Rodriguez,42,Meta
Ashley Miller,35,Google
Matthew Garcia,30,Apple
Elizabeth Rodriguez,26,Meta
Joseph Williams,40,Google
Christopher Hernandez,34,Apple
Andrew Martin,28,Meta
Stephanie Lopez,33,Google
Anthony Taylor,37,Amazon
Melissa Thomas,32,Meta
Joshua Moore,29,Google
Amanda Clark,25,Apple
Ethan Jackson,41,Meta
Brittany Lewis,36,Google
James Walker,30,Apple
Jennifer Hall,27,Meta
Robert Allen,39,Google
Maria Young,34,Apple
Ryan King,28,Meta
Lisa Scott,32,Google
Brandon Wright,36,Apple
Kimberly Hernandez,31,Meta
Zachary Turner,29,Google
Michelle Lopez,26,Apple
Tyler Davis,40,Meta
Tiffany Garcia,35,Google
Joshua Hernandez,30,Apple
Rachel Miller,27,Meta
Kevin Garcia,39,Google
Nicole Rodriguez,34,Amazon
Jason Williams,28,Meta
Samantha Hernandez,33,Amazon
Justin Martin,37,Apple
Stephanie Lopez,32,Meta
Eric Taylor,29,Google
Laura Thomas,26,Apple
Aaron Moore,40,Meta
Jessica Clark,35,Amazon
Timothy Jackson,30,Apple
Ashley Lewis,27,Meta
Jonathan Walker,39,Google
Brittany Hall,34,Apple
Adam Allen,28,Meta
Jennifer Young,33,Google
Stephen King,37,Apple
Melissa Scott,32,Meta
Bryan Wright,29,Google
Sarah Hernandez,26,Apple
Paul Turner,40,Meta
Elizabeth Lopez,35,Google
Christopher Davis,30,Apple
Maria Garcia,27,Meta
Ryan Hernandez,39,Google
Lisa Miller,34,Apple
Daniel Rodriguez,28,Meta
Kimberly Williams,33,Google
Zachary Hernandez,37,Apple
Michelle Martin,32,Meta
Tyler Lopez,29,Google
Tiffany Taylor,26,Apple
Joshua Thomas,40,Meta
Rachel Moore,35,Google
Kevin Clark,30,Apple
Nicole Jackson,27,Meta
Jason Lewis,39,Google
Samantha Walker,34,Apple
Justin Hall,28,Meta
Stephanie Allen,33,Google
Eric Young,37,Apple
Laura King,32,Meta
Aaron Scott,29,Google
Jessica Wright,26,Apple
Timothy Hernandez,40,Meta
Ashley Turner,35,Google
Jonathan Lopez,30,Apple
Brittany Davis,27,Meta
Adam Garcia,39,Google
Jennifer Hernandez,34,Apple
Stephen Miller,28,Meta
Melissa Rodriguez,33,Google
Bryan Williams,37,Apple
Sarah Hernandez,32,Meta
Paul Martin,29,Google
Elizabeth Lopez,26,Apple
Christopher Taylor,40,Meta
Maria Thomas,35,Google
Ryan Moore,30,Apple
Lisa Clark,27,Meta
Daniel Jackson,39,Google
Kimberly Lewis,34,Apple
Zachary Walker,28,Meta
Michelle Hall,33,Google
Tyler Allen,37,Apple
Tiffany Young,32,Meta
Joshua King,29,Google
Rachel Scott,26,Apple
Kevin Wright,40,Meta
Nicole Hernandez,35,Google
Jason Turner,30,Apple
Samantha Lopez,27,Meta
Justin Davis,39,Google
Stephanie Garcia,34,Apple
Eric Hernandez,28,Meta
Laura Miller,33,Google
Aaron Rodriguez,37,Apple
Jessica Williams,32,Meta
Timothy Hernandez,29,Google
Ashley Martin,26,Apple
Jonathan Lopez,40,Meta
Brittany Taylor,35,Google
Adam Thomas,30,Apple
Jennifer Moore,27,Meta
Stephen Clark,39,Google
Melissa Jackson,34,Apple
Bryan Lewis,28,Meta
Sarah Walker,33,Google
Paul Hall,37,Apple
Elizabeth Allen,32,Meta
Christopher Young,29,Google
Maria King,26,Apple
Ryan Scott,40,Meta
Lisa Wright,35,Google
Daniel Hernandez,30,Apple
Kimberly Turner,27,Meta
Zachary Lopez,39,Amazon
Michelle Davis,34,Apple
Tyler Garcia,28,Meta
Tiffany Hernandez,33,Google
Joshua Martin,37,Apple
Rachel Lopez,32,Meta
Kevin Taylor,29,Google
Nicole Thomas,26,Apple
Jason Moore,40,Meta
Samantha Clark,35,Google
Justin Jackson,30,Apple
Stephanie Lewis,27,Meta
Eric Walker,39,Google
Laura Hall,34,Apple
Aaron Allen,28,Meta
Jessica Young,33,Google
Timothy King,37,Apple
Ashley Scott,32,Meta
Jonathan Wright,29,Google
Brittany Hernandez,26,Apple
Adam Turner,40,Meta
Jennifer Lopez,35,Google
Stephen Davis,30,Apple
Melissa Garcia,27,Meta
Bryan Hernandez,39,Google
Sarah Miller,34,Apple
Paul Rodriguez,28,Meta
Elizabeth Williams,33,Google
Christopher Hernandez,37,Apple
Maria Martin,32,Meta
Ryan Lopez,29,Google
Lisa Taylor,26,Amazon
Daniel Thomas,40,Amazon
Kimberly Moore,35,Google
Zachary Clark,30,Apple
Michelle Jackson,27,Meta
Tyler Lewis,39,Google
Tiffany Walker,34,Apple
Joshua Hall,28,Meta
Rachel Allen,33,Google
Kevin Young,37,Apple
Nicole King,32,Meta
Jason Scott,29,Google
Samantha Wright,26,Apple
Justin Hernandez,40,Meta
Stephanie Turner,35,Google
Eric Lopez,30,Apple
Laura Davis,27,Meta
Aaron Garcia,39,Google
Jessica Hernandez,34,Apple
Timothy Miller,28,Meta
Ashley Rodriguez,33,Google
Jonathan Williams,37,Apple
Brittany Hernandez,32,Meta
Adam Martin,29,Google
Jennifer Lopez,26,Apple
Stephen Taylor,40,Meta
Melissa Thomas,35,Google
Bryan Moore,30,Apple
Sarah Clark,27,Meta
Paul Jackson,39,Google
Elizabeth Lewis,34,Apple
Christopher Walker,28,Meta
Maria Hall,33,Amazon
Ryan Allen,37,Amazon
Lisa Young,32,Amazon
Daniel King,29,Google
Kimberly Scott,26,Apple
Zachary Wright,40,Meta
Michelle Hernandez,35,Google
Tyler Turner,30,Apple
Tiffany Lopez,27,Meta
Joshua Davis,39,Google
Rachel Garcia,34,Apple
Kevin Hernandez,28,Meta
Nicole Miller,33,Google
Jason Rodriguez,37,Apple
Samantha Williams,32,Meta
Justin Hernandez,29,Google
Stephanie Martin,26,Apple
Eric Lopez,40,Meta
Laura Taylor,35,Google
Aaron Thomas,30,Apple
Jessica Moore,27,Meta
Timothy Clark,39,Google
Ashley Jackson,34,Apple
Jonathan Lewis,28,Meta
Brittany Walker,33,Google
Adam Hall,37,Apple
Jennifer Allen,32,Meta
Stephen Young,29,Google
Melissa King,26,Apple
Bryan Scott,40,Meta
Sarah Wright,35,Google
Paul Hernandez,30,Apple
Elizabeth Turner,27,Meta
Christopher Lopez,39,Google
Maria Davis,34,Apple
Ryan Garcia,28,Meta
Lisa Hernandez,33,Google
Daniel Miller,37,Apple
Kimberly Rodriguez,32,Meta
Zachary Williams,29,Google
Michelle Hernandez,26,Amazon
Tyler Martin,40,Meta
Tiffany Lopez,35,Amazon
Joshua Taylor,30,Apple
Rachel Thomas,27,Amazon
Kevin Moore,39,Google
Nicole Clark,34,Apple
Jason Jackson,28,Meta
Samantha Lewis,33,Google
Justin Walker,37,Apple
Stephanie Hall,32,Meta
Eric Allen,29,Google
Laura Young,26,Apple
Aaron King,40,Meta
Jessica Scott,35,Google
Timothy Wright,30,Apple
Ashley Hernandez,27,Meta
Jonathan Turner,39,Google
Brittany Lopez,34,Apple
Adam Davis,28,Meta
Jennifer Garcia,33,Google
Stephen Hernandez,37,Apple
Melissa Miller,32,Meta
Bryan Rodriguez,29,Google
Sarah Williams,26,Apple
Paul Hernandez,40,Meta
Elizabeth Martin,35,Google
Christopher Lopez,30,Apple
Maria Taylor,27,Meta
Ryan Thomas,39,Google
Lisa Moore,34,Apple
Daniel Clark,28,Meta
Kimberly Jackson,33,Google
Zachary Lewis,37,Apple
Michelle Walker,32,Meta
Tyler Hall,29,Google
Tiffany Allen,26,Apple
Joshua Young,40,Amazon
Rachel King,35,Amazon
Kevin Scott,30,Apple
Nicole Wright,27,Amazon
Jason Hernandez,39,Google
Samantha Turner,34,Apple
Justin Lopez,28,Meta
Stephanie Davis,33,Google
Eric Garcia,37,Apple
Laura Hernandez,32,Meta
Aaron Miller,29,Google
Jessica Rodriguez,26,Apple
Timothy Williams,40,Meta
Ashley Hernandez,35,Google
Jonathan Martin,30,Apple
Brittany Lopez,27,Meta
Adam Taylor,39,Google
Jennifer Thomas,34,Apple
Stephen Moore,28,Meta
Melissa Clark,33,Google
Bryan Jackson,37,Apple
Sarah Lewis,32,Meta
Paul Walker,29,Google
Elizabeth Hall,26,Apple
Christopher Allen,40,Meta
Maria Young,35,Google
Ryan King,30,Apple
Lisa Scott,27,Meta
Daniel Wright,39,Google
Kimberly Hernandez,34,Apple
Zachary Turner,28,Meta
Michelle Lopez,33,Google
Tyler Davis,37,Apple
Tiffany Garcia,32,Meta
Joshua Hernandez,29,Google
Rachel Miller,26,Apple
Kevin Garcia,40,Meta
Nicole Rodriguez,35,Google
Jason Williams,30,Apple
Samantha Hernandez,27,Meta
Justin Martin,39,Google
Stephanie Lopez,34,Apple
Eric Taylor,28,Meta
Laura Thomas,33,Google
Aaron Moore,37,Apple
Jessica Clark,32,Meta
Timothy Jackson,29,Google
Ashley Lewis,26,Apple
Jonathan Walker,40,Meta
Brittany Hall,35,Google
Adam Allen,30,Apple
Jennifer Young,27,Meta
Stephen King,39,Google
Melissa Scott,34,Apple
Bryan Wright,28,Meta
Sarah Hernandez,33,Google
Paul Turner,37,Apple
Elizabeth Lopez,32,Meta
Christopher Davis,29,Google
Maria Garcia,26,Apple
Ryan Hernandez,40,Meta
Lisa Miller,35,Google
Daniel Rodriguez,30,Apple
Kimberly Williams,27,Meta
Zachary Turner,39,Google
Michelle Lopez,34,Apple
Tyler Davis,28,Meta
Tiffany Garcia,33,Google
Joshua Hernandez,37,Apple
Rachel Miller,32,Meta
Kevin Garcia,29,Google
Nicole Rodriguez,26,Apple
Jason Williams,40,Meta
Samantha Hernandez,35,Google
Justin Martin,30,Apple
Stephanie Lopez,27,Meta
Eric Taylor,39,Google
Laura Thomas,34,Apple
Aaron Moore,28,Meta
Jessica Clark,33,Google
Timothy Jackson,37,Apple
Ashley Lewis,32,Meta
Jonathan Walker,29,Google
Brittany Hall,26,Apple
Adam Allen,40,Meta
Jennifer Young,35,Google
Stephen King,30,Apple
Melissa Scott,27,Meta
Bryan Wright,39,Google
Sarah Hernandez,34,Apple
Paul Turner,28,Meta
Elizabeth Lopez,33,Google
Christopher Davis,37,Apple
Maria Garcia,32,Meta
Ryan Hernandez,29,Google
Lisa Miller,26,Apple
Daniel Rodriguez,40,Meta
Kimberly Williams,35,Google
Zachary Turner,30,Apple
Michelle Lopez,27,Meta
Tyler Davis,39,Google
Tiffany Garcia,34,Apple
Joshua Hernandez,28,Meta
Rachel Miller,33,Google
Kevin Garcia,37,Apple
Nicole Rodriguez,32,Meta
Jason Williams,29,Google
Samantha Hernandez,26,Apple
Justin Martin,40,Meta
Stephanie Lopez,35,Google
Eric Taylor,30,Apple
Laura Thomas,27,Meta
Aaron Moore,39,Google
Jessica Clark,34,Apple
Timothy Jackson,28,Meta
Ashley Lewis,33,Google
Jonathan Walker,37,Apple
Brittany Hall,32,Meta
Adam Allen,29,Google
Jennifer Young,26,Apple
Stephen King,40,Meta
Melissa Scott,35,Google
Bryan Wright,30,Apple
Sarah Hernandez,27,Meta
Paul Turner,39,Google
Elizabeth Lopez,34,Apple
Christopher Davis,28,Meta
Maria Garcia,33,Google
Ryan Hernandez,37,Apple
Lisa Miller,32,Meta
Daniel Rodriguez,29,Google
Kimberly Williams,26,Apple
Zachary Turner,40,Meta
Michelle Lopez,35,Google
Tyler Davis,30,Apple
Tiffany Garcia,27,Meta
Joshua Hernandez,39,Google
Rachel Miller,34,Apple
Kevin Garcia,28,Meta
Nicole Rodriguez,33,Google
Jason Williams,37,Apple
Samantha Hernandez,32,Meta
Justin Martin,29,Google
Stephanie Lopez,26,Apple
Eric Taylor,40,Meta
Laura Thomas,35,Google
Aaron Moore,30,Apple
Jessica Clark,27,Meta
Timothy Jackson,39,Google
Ashley Lewis,34,Apple
Jonathan Walker,28,Meta
Brittany Hall,33,Google
Adam Allen,37,Apple
Jennifer Young,32,Meta
Stephen King,29,Google
Melissa Scott,26,Apple
Bryan Wright,40,Meta
Sarah Hernandez,35,Google
Paul Turner,30,Apple
Elizabeth Lopez,27,Meta
Christopher Davis,39,Google
Maria Garcia,34,Apple
Ryan Hernandez,28,Meta
Lisa Miller,33,Google
Daniel Rodriguez,37,Apple
Kimberly Williams,32,Meta
Zachary Turner,29,Google
Michelle Lopez,26,Apple
Tyler Davis,40,Meta
Tiffany Garcia,35,Google
Joshua Hernandez,30,Apple
Rachel Miller,27,Meta
Kevin Garcia,39,Google
Nicole Rodriguez,34,Apple
Jason Williams,28,Meta
Samantha Hernandez,33,Google
Justin Martin,37,Apple
Stephanie Lopez,32,Meta
Eric Taylor,29,Google
Laura Thomas,26,Apple
Aaron Moore,40,Meta
Jessica Clark,35,Google
Timothy Jackson,30,Apple
Ashley Lewis,27,Meta
Jonathan Walker,39,Google
Brittany Hall,34,Apple
Adam Allen,28,Meta
Jennifer Young,33,Google
Stephen King,37,Apple
Melissa Scott,32,Meta
Bryan Wright,29,Google
Sarah Hernandez,26,Apple
Paul Turner,40,Meta
Elizabeth Lopez,35,Google
Christopher Davis,30,Apple
Maria Garcia,27,Meta
Ryan Hernandez,39,Google
Lisa Miller,34,Apple
Daniel Rodriguez,28,Meta
Kimberly Williams,33,Google
Zachary Turner,37,Apple
Michelle Lopez,32,Meta
Tyler Davis,29,Google
Tiffany Garcia,26,Apple
Joshua Hernandez,40,Meta
Rachel Miller,35,Google
Kevin Garcia,30,Apple
Nicole Rodriguez,27,Meta
Jason Williams,39,Google
Samantha Hernandez,34,Apple
Justin Martin,28,Meta
Stephanie Lopez,33,Google
Eric Taylor,37,Apple
Laura Thomas,32,Meta
Aaron Moore,29,Google
Jessica Clark,26,Apple
Timothy Jackson,40,Meta
Ashley Lewis,35,Google
Jonathan Walker,30,Apple
Brittany Hall,27,Meta
Adam Allen,39,Google
Jennifer Young,34,Apple
Stephen King,28,Meta
Melissa Scott,33,Google
Bryan Wright,37,Apple
Sarah Hernandez,32,Meta
Paul Turner,29,Google
Elizabeth Lopez,26,Apple
Christopher Davis,40,Meta
Maria Garcia,35,Google
Ryan Hernandez,30,Apple
Lisa Miller,27,Meta
Daniel Rodriguez,39,Google
Kimberly Williams,34,Apple
Zachary Turner,28,Meta
Michelle Lopez,33,Google
Tyler Davis,37,Apple
Tiffany Garcia,32,Meta
Joshua Hernandez,29,Google
